-- phpMyAdmin SQL Dump
-- version 5.2.0
-- https://www.phpmyadmin.net/
--
-- Хост: 127.0.0.1:3306
-- Время создания: Апр 13 2023 г., 10:11
-- Версия сервера: 8.0.30
-- Версия PHP: 8.0.22

SET SQL_MODE = "NO_AUTO_VALUE_ON_ZERO";
START TRANSACTION;
SET time_zone = "+00:00";


/*!40101 SET @OLD_CHARACTER_SET_CLIENT=@@CHARACTER_SET_CLIENT */;
/*!40101 SET @OLD_CHARACTER_SET_RESULTS=@@CHARACTER_SET_RESULTS */;
/*!40101 SET @OLD_COLLATION_CONNECTION=@@COLLATION_CONNECTION */;
/*!40101 SET NAMES utf8mb4 */;

--
-- База данных: `nefimkvx_m1`
--

-- --------------------------------------------------------

--
-- Структура таблицы `cart`
--

CREATE TABLE `cart` (
  `id` int NOT NULL,
  `user_id` int NOT NULL,
  `product_id` int NOT NULL,
  `count` int NOT NULL DEFAULT '1'
) ENGINE=InnoDB DEFAULT CHARSET=utf8mb3;

--
-- Дамп данных таблицы `cart`
--

INSERT INTO `cart` (`id`, `user_id`, `product_id`, `count`) VALUES
(10, 5, 2, 1),
(12, 5, 9, 1),
(13, 4, 11, 2),
(14, 4, 10, 3),
(15, 4, 7, 1);

-- --------------------------------------------------------

--
-- Структура таблицы `category`
--

CREATE TABLE `category` (
  `id` int NOT NULL,
  `name` varchar(255) NOT NULL
) ENGINE=InnoDB DEFAULT CHARSET=utf8mb3;

--
-- Дамп данных таблицы `category`
--

INSERT INTO `category` (`id`, `name`) VALUES
(1, 'Лазерные принтеры'),
(2, 'Струйные принтеры'),
(3, 'Плоттеры');

-- --------------------------------------------------------

--
-- Структура таблицы `migration`
--

CREATE TABLE `migration` (
  `version` varchar(180) NOT NULL,
  `apply_time` int DEFAULT NULL
) ENGINE=InnoDB DEFAULT CHARSET=utf8mb3;

--
-- Дамп данных таблицы `migration`
--

INSERT INTO `migration` (`version`, `apply_time`) VALUES
('m000000_000000_base', 1678880050),
('m230224_182558_create_role_table', 1678880052),
('m230224_183502_create_user_table', 1678880052),
('m230224_184210_create_category_table', 1678880052),
('m230224_184517_create_product_table', 1678880052),
('m230224_185315_create_status_table', 1678880052),
('m230224_185457_create_order_table', 1678880053),
('m230224_185849_create_product_order_table', 1678880053),
('m230224_190225_create_cart_table', 1678880054);

-- --------------------------------------------------------

--
-- Структура таблицы `order`
--

CREATE TABLE `order` (
  `id` int NOT NULL,
  `date` timestamp NULL DEFAULT CURRENT_TIMESTAMP,
  `user_id` int NOT NULL,
  `status_id` int NOT NULL DEFAULT '1',
  `rejection_reason` text
) ENGINE=InnoDB DEFAULT CHARSET=utf8mb3;

--
-- Дамп данных таблицы `order`
--

INSERT INTO `order` (`id`, `date`, `user_id`, `status_id`, `rejection_reason`) VALUES
(3, '2023-03-27 11:20:17', 1, 1, NULL),
(4, '2023-03-27 11:21:11', 4, 1, NULL),
(5, '2023-04-02 17:51:43', 4, 3, NULL);

-- --------------------------------------------------------

--
-- Структура таблицы `product`
--

CREATE TABLE `product` (
  `id` int NOT NULL,
  `date` timestamp NULL DEFAULT CURRENT_TIMESTAMP,
  `name` varchar(255) NOT NULL,
  `file` varchar(255) DEFAULT NULL,
  `count` int DEFAULT '0',
  `price` decimal(10,0) DEFAULT '0',
  `year` int DEFAULT '2023',
  `model` varchar(255) DEFAULT NULL,
  `country` varchar(255) DEFAULT NULL,
  `category_id` int DEFAULT '1'
) ENGINE=InnoDB DEFAULT CHARSET=utf8mb3;

--
-- Дамп данных таблицы `product`
--

INSERT INTO `product` (`id`, `date`, `name`, `file`, `count`, `price`, `year`, `model`, `country`, `category_id`) VALUES
(1, '2023-03-19 13:56:14', 'Принтер 1', '/web/images/Laser/brother-HLL3210CW.png', 10, '15000', 2023, 'Brother-HLL3210CW', 'USA', 1),
(2, '2023-03-11 17:00:00', 'Принтер 2', '/web/images/Laser/canon-lbp113w.png', 5, '35000', 2023, 'Canon-lbp113w.png', 'Japan', 1),
(3, '2023-03-01 13:55:57', 'Принтер 3', '/web/images/Laser/canon-lbp-6030.png', 50, '12000', 2023, 'Сanon-lbp-6030.png', 'Japan', 1),
(7, '2023-03-16 13:55:17', 'Принтер 4', '/web/images/Laser/hp_laserjet_pro_m102w.jpg', 5, '25000', 2023, 'HP laserjet pro m102w', 'China', 1),
(8, '2023-03-16 13:55:41', 'Принтер 5', '/web/images/Ink/epson-surecolor-sc-p800-0.jpg', 7, '5000', 2023, 'Epson SC-P 800', 'China', 2),
(9, '2023-03-16 13:55:52', 'Принтер 6', '/web/images/Ink/HP Officejet 6970.png', 10, '17000', 2023, 'HP Officejet 6970', 'Hungary', 2),
(10, '2023-04-06 20:15:52', 'Принтер13', '/uploads/printer13.png', 5, '8400', 2023, 'Canon 850', 'Китай', 2),
(11, '2023-04-06 20:16:37', 'Принтер12', '/uploads/printer12.png', 2, '3200', 2022, 'Canon 824', 'Китай', 2);

-- --------------------------------------------------------

--
-- Структура таблицы `product_order`
--

CREATE TABLE `product_order` (
  `id` int NOT NULL,
  `order_id` int NOT NULL,
  `product_id` int NOT NULL,
  `count` int NOT NULL DEFAULT '1',
  `price` int NOT NULL DEFAULT '0'
) ENGINE=InnoDB DEFAULT CHARSET=utf8mb3;

--
-- Дамп данных таблицы `product_order`
--

INSERT INTO `product_order` (`id`, `order_id`, `product_id`, `count`, `price`) VALUES
(8, 4, 1, 3, 45000),
(9, 4, 8, 2, 10000);

-- --------------------------------------------------------

--
-- Структура таблицы `role`
--

CREATE TABLE `role` (
  `id` int NOT NULL,
  `code` varchar(255) NOT NULL,
  `name` varchar(255) NOT NULL
) ENGINE=InnoDB DEFAULT CHARSET=utf8mb3;

--
-- Дамп данных таблицы `role`
--

INSERT INTO `role` (`id`, `code`, `name`) VALUES
(1, 'user', 'Зарегистрированный пользователь'),
(2, 'admin', 'Администратор');

-- --------------------------------------------------------

--
-- Структура таблицы `status`
--

CREATE TABLE `status` (
  `id` int NOT NULL,
  `code` varchar(255) NOT NULL,
  `name` varchar(255) NOT NULL
) ENGINE=InnoDB DEFAULT CHARSET=utf8mb3;

--
-- Дамп данных таблицы `status`
--

INSERT INTO `status` (`id`, `code`, `name`) VALUES
(1, 'new', 'Новый'),
(2, 'confirm', 'Подтвержденный'),
(3, 'rejected', 'Отклоненный');

-- --------------------------------------------------------

--
-- Структура таблицы `user`
--

CREATE TABLE `user` (
  `id` int NOT NULL,
  `name` varchar(255) NOT NULL,
  `surname` varchar(255) NOT NULL,
  `patronymic` varchar(255) DEFAULT NULL,
  `username` varchar(255) NOT NULL,
  `email` varchar(255) NOT NULL,
  `password` varchar(255) NOT NULL,
  `role_id` int DEFAULT '1'
) ENGINE=InnoDB DEFAULT CHARSET=utf8mb3;

--
-- Дамп данных таблицы `user`
--

INSERT INTO `user` (`id`, `name`, `surname`, `patronymic`, `username`, `email`, `password`, `role_id`) VALUES
(1, 'Иванов', 'Иван', 'Иванович', 'admin', 'admin@admin.ru', 'a5a30bc4c47888cd59c4e9df68d80242', 2),
(4, 'Петр', 'Петров', 'Петрович', 'user1', 'user1@mail.ru', 'bc634801674fd542b036fba399efc4c5', 1),
(5, 'Сидор', 'Сидоров', 'Сидорович', 'user2', 'user2@mail.ru', 'a431126aa9f8191b66a425ac00b3911f', 1),
(6, 'Игнат', 'Игнатьев', 'Игнатович', 'user3', 'user3@mail.ru', '0619203ca3a331644c7e22872009fb1e', 1);

--
-- Индексы сохранённых таблиц
--

--
-- Индексы таблицы `cart`
--
ALTER TABLE `cart`
  ADD PRIMARY KEY (`id`),
  ADD KEY `idx-cart-user_id` (`user_id`),
  ADD KEY `idx-cart-product_id` (`product_id`);

--
-- Индексы таблицы `category`
--
ALTER TABLE `category`
  ADD PRIMARY KEY (`id`);

--
-- Индексы таблицы `migration`
--
ALTER TABLE `migration`
  ADD PRIMARY KEY (`version`);

--
-- Индексы таблицы `order`
--
ALTER TABLE `order`
  ADD PRIMARY KEY (`id`),
  ADD KEY `idx-order-user_id` (`user_id`),
  ADD KEY `idx-order-status_id` (`status_id`);

--
-- Индексы таблицы `product`
--
ALTER TABLE `product`
  ADD PRIMARY KEY (`id`),
  ADD KEY `idx-product-category_id` (`category_id`);

--
-- Индексы таблицы `product_order`
--
ALTER TABLE `product_order`
  ADD PRIMARY KEY (`id`),
  ADD KEY `idx-product_order-order_id` (`order_id`),
  ADD KEY `idx-product_order-product_id` (`product_id`);

--
-- Индексы таблицы `role`
--
ALTER TABLE `role`
  ADD PRIMARY KEY (`id`),
  ADD UNIQUE KEY `code` (`code`);

--
-- Индексы таблицы `status`
--
ALTER TABLE `status`
  ADD PRIMARY KEY (`id`),
  ADD UNIQUE KEY `code` (`code`);

--
-- Индексы таблицы `user`
--
ALTER TABLE `user`
  ADD PRIMARY KEY (`id`),
  ADD UNIQUE KEY `username` (`username`),
  ADD UNIQUE KEY `email` (`email`),
  ADD KEY `idx-user-role_id` (`role_id`);

--
-- AUTO_INCREMENT для сохранённых таблиц
--

--
-- AUTO_INCREMENT для таблицы `cart`
--
ALTER TABLE `cart`
  MODIFY `id` int NOT NULL AUTO_INCREMENT, AUTO_INCREMENT=16;

--
-- AUTO_INCREMENT для таблицы `category`
--
ALTER TABLE `category`
  MODIFY `id` int NOT NULL AUTO_INCREMENT, AUTO_INCREMENT=6;

--
-- AUTO_INCREMENT для таблицы `order`
--
ALTER TABLE `order`
  MODIFY `id` int NOT NULL AUTO_INCREMENT, AUTO_INCREMENT=6;

--
-- AUTO_INCREMENT для таблицы `product`
--
ALTER TABLE `product`
  MODIFY `id` int NOT NULL AUTO_INCREMENT, AUTO_INCREMENT=12;

--
-- AUTO_INCREMENT для таблицы `product_order`
--
ALTER TABLE `product_order`
  MODIFY `id` int NOT NULL AUTO_INCREMENT, AUTO_INCREMENT=10;

--
-- AUTO_INCREMENT для таблицы `role`
--
ALTER TABLE `role`
  MODIFY `id` int NOT NULL AUTO_INCREMENT, AUTO_INCREMENT=3;

--
-- AUTO_INCREMENT для таблицы `status`
--
ALTER TABLE `status`
  MODIFY `id` int NOT NULL AUTO_INCREMENT, AUTO_INCREMENT=4;

--
-- AUTO_INCREMENT для таблицы `user`
--
ALTER TABLE `user`
  MODIFY `id` int NOT NULL AUTO_INCREMENT, AUTO_INCREMENT=7;

--
-- Ограничения внешнего ключа сохраненных таблиц
--

--
-- Ограничения внешнего ключа таблицы `cart`
--
ALTER TABLE `cart`
  ADD CONSTRAINT `fk-cart-product_id` FOREIGN KEY (`product_id`) REFERENCES `product` (`id`) ON DELETE CASCADE,
  ADD CONSTRAINT `fk-cart-user_id` FOREIGN KEY (`user_id`) REFERENCES `user` (`id`) ON DELETE CASCADE;

--
-- Ограничения внешнего ключа таблицы `order`
--
ALTER TABLE `order`
  ADD CONSTRAINT `fk-order-status_id` FOREIGN KEY (`status_id`) REFERENCES `status` (`id`) ON DELETE CASCADE,
  ADD CONSTRAINT `fk-order-user_id` FOREIGN KEY (`user_id`) REFERENCES `user` (`id`) ON DELETE CASCADE;

--
-- Ограничения внешнего ключа таблицы `product`
--
ALTER TABLE `product`
  ADD CONSTRAINT `fk-product-category_id` FOREIGN KEY (`category_id`) REFERENCES `category` (`id`) ON DELETE CASCADE;

--
-- Ограничения внешнего ключа таблицы `product_order`
--
ALTER TABLE `product_order`
  ADD CONSTRAINT `fk-product_order-order_id` FOREIGN KEY (`order_id`) REFERENCES `order` (`id`) ON DELETE CASCADE,
  ADD CONSTRAINT `fk-product_order-product_id` FOREIGN KEY (`product_id`) REFERENCES `product` (`id`) ON DELETE CASCADE;

--
-- Ограничения внешнего ключа таблицы `user`
--
ALTER TABLE `user`
  ADD CONSTRAINT `fk-user-role_id` FOREIGN KEY (`role_id`) REFERENCES `role` (`id`) ON DELETE CASCADE;
COMMIT;

/*!40101 SET CHARACTER_SET_CLIENT=@OLD_CHARACTER_SET_CLIENT */;
/*!40101 SET CHARACTER_SET_RESULTS=@OLD_CHARACTER_SET_RESULTS */;
/*!40101 SET COLLATION_CONNECTION=@OLD_COLLATION_CONNECTION */;
